date,High Income,Low Income,Lower-Middle Income,Upper-Middle Income
2020-12-01,,,,
2020-12-02,,,,
2020-12-03,,,,
2020-12-04,,,,
2020-12-05,,,,
2020-12-06,,,,
2020-12-07,,,,
2020-12-08,,,,
2020-12-09,,,,
2020-12-10,,,,
2020-12-11,,,,
2020-12-12,,,,
2020-12-13,0,,,
2020-12-14,0,,,
2020-12-15,0,,,
2020-12-16,0,,,
2020-12-17,0,,,
2020-12-18,0,,,
2020-12-19,0,,,
2020-12-20,0,,,
2020-12-21,0,,,
2020-12-22,0,,,
2020-12-23,0,,,
2020-12-24,0,,,
2020-12-25,0,,,
2020-12-26,0,,,
2020-12-27,0,,,
2020-12-28,0,,,
2020-12-29,0,,,0
2020-12-30,0,,,0
2020-12-31,0,,,0
2021-01-01,0,,,0
2021-01-02,0,,,0
2021-01-03,0,,,0
2021-01-04,.0099999997764826,,,0
2021-01-05,.0199999995529652,,,0
2021-01-06,.0299999993294477,,,0
2021-01-07,.0500000007450581,,,0
2021-01-08,.0799999982118607,,,0
2021-01-09,.0900000035762787,,,0
2021-01-10,.1500000059604645,,,0
2021-01-11,.1800000071525574,,,0
2021-01-12,.2099999934434891,,,0
2021-01-13,.239999994635582,,,0
2021-01-14,.2599999904632568,,,0
2021-01-15,.2700000107288361,,,0
2021-01-16,.2800000011920929,,,0
2021-01-17,.2899999916553497,,,0
2021-01-18,.3199999928474426,,,0
2021-01-19,.3700000047683716,,,0
2021-01-20,.4199999868869781,,,0
2021-01-21,.4699999988079071,,,0
2021-01-22,.5,,,0
2021-01-23,.5299999713897705,,,0
2021-01-24,.550000011920929,,,0
2021-01-25,.6200000047683716,,,0
2021-01-26,.699999988079071,,,.0099999997764826
2021-01-27,.7799999713897705,,,.0099999997764826
2021-01-28,.8600000143051147,,0,.0099999997764826
2021-01-29,.9399999976158142,,0,.0099999997764826
2021-01-30,.9800000190734863,,0,.0099999997764826
2021-01-31,1.019999980926514,,0,.0099999997764826
2021-02-01,1.090000033378601,,0,.0099999997764826
2021-02-02,1.179999947547913,,0,.0099999997764826
2021-02-03,1.289999961853027,,0,.0199999995529652
2021-02-04,1.409999966621399,,0,.0199999995529652
2021-02-05,1.539999961853027,,0,.0199999995529652
2021-02-06,1.590000033378601,,0,.0199999995529652
2021-02-07,1.629999995231628,,0,.0199999995529652
2021-02-08,1.720000028610229,,.0099999997764826,.0199999995529652
2021-02-09,1.830000042915344,,.0099999997764826,.0299999993294477
2021-02-10,1.950000047683716,,.0099999997764826,.0299999993294477
2021-02-11,2.079999923706055,,.0099999997764826,.0299999993294477
2021-02-12,2.220000028610229,,.0099999997764826,.0599999986588955
2021-02-13,2.289999961853027,,.0099999997764826,.0599999986588955
2021-02-14,2.329999923706055,,.0099999997764826,.0700000002980232
2021-02-15,2.400000095367432,,.0199999995529652,.0799999982118607
2021-02-16,2.5,,.0199999995529652,.0900000035762787
2021-02-17,2.619999885559082,,.0299999993294477,.1000000014901161
2021-02-18,2.740000009536743,,.0299999993294477,.119999997317791
2021-02-19,2.869999885559082,,.0399999991059303,.1400000005960464
2021-02-20,2.940000057220459,,.0500000007450581,.1500000059604645
2021-02-21,3,,.0500000007450581,.1500000059604645
2021-02-22,3.089999914169312,,.0599999986588955,.1599999964237213
2021-02-23,3.359999895095825,,.0599999986588955,.1800000071525574
2021-02-24,3.490000009536743,,.0700000002980232,.2000000029802322
2021-02-25,3.630000114440918,,.0799999982118607,.2099999934434891
2021-02-26,3.789999961853027,,.0900000035762787,.2199999988079071
2021-02-27,3.869999885559082,,.1099999994039536,.2300000041723251
2021-02-28,3.920000076293945,,.1099999994039536,.2300000041723251
2021-03-01,4.010000228881836,,.1099999994039536,.239999994635582
2021-03-02,4.110000133514404,,.119999997317791,.300000011920929
2021-03-03,4.260000228881836,,.1299999952316284,.3199999928474426
2021-03-04,4.420000076293945,,.1400000005960464,.3400000035762787
2021-03-05,4.579999923706055,,.1500000059604645,.3499999940395355
2021-03-06,4.679999828338623,,.1599999964237213,.3700000047683716
2021-03-07,4.739999771118164,,.1599999964237213,.3700000047683716
2021-03-08,4.849999904632568,,.1700000017881393,.3799999952316284
2021-03-09,4.989999771118164,,.1899999976158142,.3899999856948853
2021-03-10,5.150000095367432,,.2000000029802322,.4099999964237213
2021-03-11,5.340000152587891,,.2099999934434891,.4300000071525574
2021-03-12,5.53000020980835,,.2300000041723251,.449999988079071
2021-03-13,5.639999866485596,,.25,.4600000083446503
2021-03-14,5.699999809265137,,.25,.4699999988079071
2021-03-15,5.829999923706055,,.2800000011920929,.4900000095367432
2021-03-16,5.96999979019165,,.300000011920929,.5099999904632568
2021-03-17,6.130000114440918,,.3199999928474426,.5600000023841858
2021-03-18,6.289999961853027,,.3300000131130219,.5799999833106995
2021-03-19,6.46999979019165,,.3499999940395355,.6100000143051147
2021-03-20,6.570000171661377,,.3700000047683716,.6299999952316284
2021-03-21,6.619999885559082,,.3700000047683716,.6299999952316284
2021-03-22,6.75,,.3799999952316284,.6499999761581421
2021-03-23,6.889999866485596,,.4000000059604645,.6700000166893005
2021-03-24,7.079999923706055,,.4199999868869781,.699999988079071
2021-03-25,7.28000020980835,,.4399999976158142,.7200000286102295
2021-03-26,7.53000020980835,,.4600000083446503,.7400000095367432
2021-03-27,7.659999847412109,,.4699999988079071,.75
2021-03-28,7.739999771118164,,.4699999988079071,.75
2021-03-29,7.900000095367432,,.4799999892711639,.8299999833106995
2021-03-30,8.119999885559082,,.4900000095367432,.8500000238418579
2021-03-31,8.369999885559082,0,.5099999904632568,.8799999952316284
2021-04-01,8.659999847412109,0,.5299999713897705,.9100000262260437
2021-04-02,8.880000114440918,0,.5400000214576721,.9300000071525574
2021-04-03,9.020000457763672,0,.550000011920929,.9399999976158142
2021-04-04,9.079999923706055,0,.5600000023841858,.949999988079071
2021-04-05,9.260000228881836,0,.5799999833106995,.9700000286102295
2021-04-06,9.510000228881836,0,.6000000238418579,1
2021-04-07,9.800000190734863,0,.6100000143051147,1.049999952316284
2021-04-08,10.11999988555908,0,.6299999952316284,1.080000042915344
2021-04-09,10.4399995803833,0,.6499999761581421,1.120000004768372
2021-04-10,10.64999961853027,0,.6700000166893005,1.149999976158142
2021-04-11,10.76000022888184,0,.6899999976158142,1.159999966621399
2021-04-12,10.97999954223633,0,.7200000286102295,1.190000057220459
2021-04-13,11.21000003814697,0,.7300000190734863,1.240000009536743
2021-04-14,11.44999980926514,0,.7599999904632568,1.299999952316284
2021-04-15,11.72000026702881,0,.7900000214576721,1.340000033378601
2021-04-16,12,0,.8100000023841858,1.389999985694885
2021-04-17,12.15999984741211,0,.8399999737739563,1.419999957084656
2021-04-18,12.26000022888184,0,.8600000143051147,1.440000057220459
2021-04-19,12.47000026702881,0,.8999999761581421,1.480000019073486
2021-04-20,12.84000015258789,0,.9100000262260437,1.529999971389771
2021-04-21,13.11999988555908,0,.9300000071525574,1.570000052452087
2021-04-22,13.40999984741211,.0099999997764826,.9900000095367432,1.610000014305115
2021-04-23,13.71000003814697,.0099999997764826,1,1.669999957084656
2021-04-24,13.88000011444092,.0099999997764826,1.019999980926514,1.710000038146973
2021-04-25,13.98999977111816,.0099999997764826,1.090000033378601,1.720000028610229
2021-04-26,14.19999980926514,.0099999997764826,1.139999985694885,1.769999980926514
2021-04-27,14.47999954223633,.0099999997764826,1.190000057220459,1.820000052452087
2021-04-28,14.77999973297119,.0099999997764826,1.230000019073486,1.909999966621399
2021-04-29,15.13000011444092,.0099999997764826,1.269999980926514,1.980000019073486
2021-04-30,15.42000007629395,.0099999997764826,1.309999942779541,2.039999961853027
2021-05-01,15.59000015258789,.0099999997764826,1.330000042915344,2.059999942779541
2021-05-02,15.72999954223633,.0099999997764826,1.350000023841858,2.079999923706055
2021-05-03,15.93000030517578,.0099999997764826,1.379999995231628,2.119999885559082
2021-05-04,16.19000053405762,.0099999997764826,1.440000057220459,2.190000057220459
2021-05-05,16.52000045776367,.0099999997764826,1.480000019073486,2.259999990463257
2021-05-06,16.85000038146973,.0099999997764826,1.539999961853027,2.309999942779541
2021-05-07,17.20000076293945,.0099999997764826,1.600000023841858,2.369999885559082
2021-05-08,17.38999938964844,.0199999995529652,1.639999985694885,2.400000095367432
2021-05-09,17.51000022888184,.0199999995529652,1.669999957084656,2.410000085830688
2021-05-10,17.73999977111816,.0199999995529652,1.720000028610229,2.450000047683716
2021-05-11,18.02000045776367,.0199999995529652,1.799999952316284,2.5
2021-05-12,18.31999969482422,.0299999993294477,1.840000033378601,2.569999933242798
2021-05-13,18.61000061035156,.0299999993294477,1.879999995231628,2.609999895095825
2021-05-14,18.95000076293945,.0399999991059303,1.899999976158142,2.650000095367432
2021-05-15,19.13999938964844,.0399999991059303,1.929999947547913,2.680000066757202
2021-05-16,19.28000068664551,.0399999991059303,1.940000057220459,2.710000038146973
2021-05-17,19.51000022888184,.0399999991059303,1.960000038146973,2.75
2021-05-18,19.79000091552734,.0399999991059303,1.980000019073486,2.809999942779541
2021-05-19,20.07999992370605,.0399999991059303,2,2.869999885559082
2021-05-20,20.40999984741211,.0399999991059303,2.029999971389771,2.910000085830688
2021-05-21,20.78000068664551,.0399999991059303,2.049999952316284,2.970000028610229
2021-05-22,20.97999954223633,.0399999991059303,2.069999933242798,3.019999980926514
2021-05-23,21.1299991607666,.0399999991059303,2.079999923706055,3.049999952316284
2021-05-24,21.32999992370605,.0500000007450581,2.109999895095825,3.079999923706055
2021-05-25,21.59000015258789,.0500000007450581,2.130000114440918,3.109999895095825
2021-05-26,21.88999938964844,.0500000007450581,2.150000095367432,3.150000095367432
2021-05-27,22.20000076293945,.0500000007450581,2.180000066757202,3.180000066757202
2021-05-28,22.56999969482422,.0500000007450581,2.190000057220459,3.240000009536743
2021-05-29,22.73999977111816,.0500000007450581,2.210000038146973,3.259999990463257
2021-05-30,22.90999984741211,.0599999986588955,2.220000028610229,3.279999971389771
2021-05-31,23.10000038146973,.0700000002980232,2.269999980926514,3.319999933242798
2021-06-01,23.38999938964844,.0700000002980232,2.299999952316284,3.390000104904175
2021-06-02,23.70999908447266,.0700000002980232,2.329999923706055,3.440000057220459
2021-06-03,23.98999977111816,.0700000002980232,2.349999904632568,3.490000009536743
2021-06-04,24.3799991607666,.0700000002980232,2.380000114440918,3.539999961853027
2021-06-05,24.61000061035156,.0700000002980232,2.400000095367432,3.569999933242798
2021-06-06,24.85000038146973,.1000000014901161,2.410000085830688,3.589999914169312
2021-06-07,25.1200008392334,.1000000014901161,2.440000057220459,3.630000114440918
2021-06-08,25.45000076293945,.1099999994039536,2.480000019073486,3.680000066757202
2021-06-09,25.82999992370605,.1099999994039536,2.519999980926514,3.740000009536743
2021-06-10,26.20999908447266,.1099999994039536,2.539999961853027,3.779999971389771
2021-06-11,26.64999961853027,.1099999994039536,2.559999942779541,3.839999914169312
2021-06-12,26.8799991607666,.119999997317791,2.589999914169312,3.890000104904175
2021-06-13,27.14999961853027,.119999997317791,2.609999895095825,3.910000085830688
2021-06-14,27.46999931335449,.119999997317791,2.640000104904175,3.960000038146973
2021-06-15,27.82999992370605,.119999997317791,2.700000047683716,4
2021-06-16,28.26000022888184,.1299999952316284,2.730000019073486,4.039999961853027
2021-06-17,28.63999938964844,.1299999952316284,2.769999980926514,4.119999885559082
2021-06-18,29.09000015258789,.1299999952316284,2.789999961853027,4.179999828338623
2021-06-19,29.31999969482422,.1299999952316284,2.819999933242798,4.239999771118164
2021-06-20,29.57999992370605,.1299999952316284,2.839999914169312,4.28000020980835
2021-06-21,29.86000061035156,.1400000005960464,2.880000114440918,4.329999923706055
2021-06-22,30.26000022888184,.1400000005960464,2.910000085830688,4.400000095367432
2021-06-23,30.67000007629395,.1400000005960464,2.940000057220459,4.460000038146973
2021-06-24,31.04000091552734,.1500000059604645,2.980000019073486,4.539999961853027
2021-06-25,31.48999977111816,.1500000059604645,3.019999980926514,4.599999904632568
2021-06-26,31.77000045776367,.1500000059604645,3.069999933242798,4.639999866485596
2021-06-27,32.16999816894531,.1500000059604645,3.099999904632568,4.679999828338623
2021-06-28,32.5099983215332,.1599999964237213,3.140000104904175,4.739999771118164
2021-06-29,32.91999816894531,.1599999964237213,3.220000028610229,4.809999942779541
2021-06-30,33.31999969482422,.1599999964237213,3.25,4.889999866485596
2021-07-01,33.68000030517578,.1599999964237213,3.309999942779541,4.949999809265137
2021-07-02,34.15999984741211,.1599999964237213,3.329999923706055,5.010000228881836
2021-07-03,34.45999908447266,.1599999964237213,3.420000076293945,5.059999942779541
2021-07-04,34.72999954223633,.1700000017881393,3.460000038146973,5.099999904632568
2021-07-05,35.27000045776367,.1800000071525574,3.519999980926514,5.159999847412109
2021-07-06,35.63000106811523,.1899999976158142,3.569999933242798,5.239999771118164
2021-07-07,36.04000091552734,.1899999976158142,3.630000114440918,5.329999923706055
2021-07-08,36.43999862670898,.1899999976158142,3.75,5.440000057220459
2021-07-09,36.91999816894531,.1899999976158142,3.769999980926514,5.510000228881836
2021-07-10,37.16999816894531,.1899999976158142,3.859999895095825,5.570000171661377
2021-07-11,37.47000122070313,.1899999976158142,3.890000104904175,5.639999866485596
2021-07-12,37.81999969482422,.2000000029802322,3.960000038146973,5.75
2021-07-13,38.20999908447266,.2000000029802322,4.039999961853027,5.840000152587891
2021-07-14,38.61000061035156,.2000000029802322,4.110000133514404,5.960000038146973
2021-07-15,39.02000045776367,.2000000029802322,4.179999828338623,6.079999923706055
2021-07-16,39.5099983215332,.2000000029802322,4.25,6.159999847412109
2021-07-17,39.79000091552734,.2000000029802322,4.329999923706055,6.239999771118164
2021-07-18,40.08000183105469,.2099999934434891,4.329999923706055,6.289999961853027
2021-07-19,40.40999984741211,.239999994635582,4.440000057220459,6.360000133514404
2021-07-20,40.7599983215332,.239999994635582,4.489999771118164,6.460000038146973
2021-07-21,41.13999938964844,.239999994635582,4.539999961853027,6.559999942779541
2021-07-22,41.47000122070313,.239999994635582,4.619999885559082,6.699999809265137
2021-07-23,41.88000106811523,.239999994635582,4.699999809265137,6.809999942779541
2021-07-24,42.11999893188477,.239999994635582,4.769999980926514,6.889999866485596
2021-07-25,42.40000152587891,.239999994635582,4.829999923706055,6.96999979019165
2021-07-26,42.72999954223633,.239999994635582,4.980000019073486,7.070000171661377
2021-07-27,43.08000183105469,.239999994635582,5.059999942779541,7.21999979019165
2021-07-28,43.45000076293945,.25,5.130000114440918,7.360000133514404
2021-07-29,43.77999877929688,.25,5.260000228881836,7.510000228881836
2021-07-30,44.20000076293945,.2599999904632568,5.340000152587891,7.639999866485596
2021-07-31,44.43000030517578,.2599999904632568,5.369999885559082,7.739999771118164
2021-08-01,44.65999984741211,.2599999904632568,5.460000038146973,7.800000190734863
2021-08-02,44.91999816894531,.2599999904632568,5.550000190734863,7.889999866485596
2021-08-03,45.22999954223633,.2599999904632568,5.71999979019165,8.010000228881836
2021-08-04,45.52999877929688,.2599999904632568,5.789999961853027,8.130000114440918
2021-08-05,45.84999847412109,.2700000107288361,5.869999885559082,8.25
2021-08-06,46.2400016784668,.2700000107288361,5.949999809265137,8.359999656677246
2021-08-07,46.45000076293945,.2700000107288361,6.039999961853027,8.460000038146973
2021-08-08,46.65999984741211,.2700000107288361,6.110000133514404,8.539999961853027
2021-08-09,46.88999938964844,.300000011920929,6.380000114440918,8.640000343322754
2021-08-10,47.18000030517578,.300000011920929,6.460000038146973,8.810000419616699
2021-08-11,47.47000122070313,.300000011920929,6.570000171661377,8.949999809265137
2021-08-12,47.79000091552734,.3199999928474426,6.639999866485596,40.18000030517578
2021-08-13,48.13000106811523,.3199999928474426,6.789999961853027,40.36000061035156
2021-08-14,48.29999923706055,.3300000131130219,6.889999866485596,40.52999877929688
2021-08-15,48.47999954223633,.3300000131130219,6.929999828338623,40.61000061035156
2021-08-16,48.7400016784668,.3499999940395355,7.039999961853027,40.72999954223633
2021-08-17,49.04000091552734,.3499999940395355,7.150000095367432,40.88000106811523
2021-08-18,49.33000183105469,.3600000143051147,7.239999771118164,41.04999923706055
2021-08-19,49.63000106811523,.3600000143051147,7.340000152587891,41.20000076293945
2021-08-20,49.95000076293945,.4399999976158142,7.510000228881836,41.34999847412109
2021-08-21,50.13000106811523,.4399999976158142,7.590000152587891,41.43999862670898
2021-08-22,50.34999847412109,.449999988079071,7.670000076293945,41.52000045776367
2021-08-23,50.65999984741211,.4699999988079071,7.730000019073486,41.63000106811523
2021-08-24,50.95999908447266,.4699999988079071,7.909999847412109,41.77000045776367
2021-08-25,51.2599983215332,.4900000095367432,8.079999923706055,41.90000152587891
2021-08-26,51.56000137329102,.4900000095367432,8.199999809265137,46.54000091552734
2021-08-27,51.86999893188477,.5,8.380000114440918,46.81000137329102
2021-08-28,52.06999969482422,.5,8.510000228881836,46.90999984741211
2021-08-29,52.29000091552734,.5299999713897705,8.710000038146973,47.0099983215332
2021-08-30,52.54000091552734,.5600000023841858,8.819999694824219,47.13000106811523
2021-08-31,52.81999969482422,.5600000023841858,9,47.2599983215332
2021-09-01,53.09999847412109,.5799999833106995,9.199999809265137,47.43000030517578
2021-09-02,53.34999847412109,.5799999833106995,9.340000152587891,47.58000183105469
2021-09-03,53.63000106811523,.5799999833106995,9.439999580383301,47.72000122070313
2021-09-04,53.77999877929688,.5799999833106995,9.579999923706055,47.84000015258789
2021-09-05,53.97999954223633,.5899999737739563,9.789999961853027,47.93000030517578
2021-09-06,54.16999816894531,.6299999952316284,9.899999618530273,51.22000122070313
2021-09-07,54.41999816894531,.6299999952316284,10.0600004196167,51.34999847412109
2021-09-08,54.63999938964844,.6600000262260437,10.32999992370605,51.56000137329102
2021-09-09,54.86000061035156,.6600000262260437,10.57999992370605,51.77000045776367
2021-09-10,55.11999893188477,.6700000166893005,10.67000007629395,52.0099983215332
2021-09-11,55.29000091552734,.6700000166893005,10.89000034332275,52.13999938964844
2021-09-12,55.45999908447266,.6899999976158142,11.10000038146973,52.22000122070313
2021-09-13,55.68000030517578,.699999988079071,11.27000045776367,52.34000015258789
2021-09-14,55.86999893188477,.8700000047683716,11.38000011444092,52.4900016784668
2021-09-15,56.09999847412109,.8799999952316284,11.5600004196167,54.33000183105469
2021-09-16,56.31000137329102,.8799999952316284,11.76000022888184,54.45999908447266
2021-09-17,56.56999969482422,.8999999761581421,11.89999961853027,54.59999847412109
2021-09-18,56.72999954223633,.9399999976158142,12.1899995803833,55.11999893188477
2021-09-19,56.88999938964844,.9599999785423279,12.39000034332275,55.22000122070313
2021-09-20,57.02000045776367,.9900000095367432,12.55000019073486,55.33000183105469
2021-09-21,57.20000076293945,1,12.72999954223633,55.4900016784668
2021-09-22,57.38999938964844,1.029999971389771,12.88000011444092,55.63999938964844
2021-09-23,57.54999923706055,1.039999961853027,13.06999969482422,55.77000045776367
2021-09-24,57.79000091552734,1.049999952316284,13.26000022888184,55.90000152587891
2021-09-25,57.95999908447266,1.049999952316284,13.42000007629395,55.9900016784668
2021-09-26,58.11000061035156,1.080000042915344,13.52999973297119,56.06999969482422
2021-09-27,58.31000137329102,1.100000023841858,13.89999961853027,56.18999862670898
2021-09-28,58.54000091552734,1.110000014305115,14.02999973297119,57.31999969482422
2021-09-29,58.7400016784668,1.129999995231628,14.18000030517578,57.43999862670898
2021-09-30,58.95999908447266,1.129999995231628,14.38000011444092,57.56999969482422
2021-10-01,59.20999908447266,1.129999995231628,14.52999973297119,57.68999862670898
2021-10-02,59.36999893188477,1.129999995231628,14.6899995803833,57.77999877929688
2021-10-03,59.5099983215332,1.139999985694885,14.84000015258789,57.83000183105469
2021-10-04,59.66999816894531,1.139999985694885,15.05000019073486,57.93000030517578
2021-10-05,59.88000106811523,1.139999985694885,15.22999954223633,58.22999954223633
2021-10-06,60.06999969482422,1.139999985694885,15.36999988555908,58.38999938964844
2021-10-07,60.29000091552734,1.139999985694885,15.51000022888184,58.59000015258789
2021-10-08,60.56000137329102,1.149999976158142,15.72999954223633,58.7599983215332
2021-10-09,60.70000076293945,1.149999976158142,15.90999984741211,58.86999893188477
2021-10-10,60.81999969482422,1.169999957084656,16.19000053405762,58.93000030517578
2021-10-11,60.9900016784668,1.190000057220459,16.34000015258789,59.04000091552734
2021-10-12,61.20000076293945,1.210000038146973,16.51000022888184,59.13000106811523
2021-10-13,61.36999893188477,1.210000038146973,16.65999984741211,59.22999954223633
2021-10-14,61.52000045776367,1.210000038146973,16.79000091552734,59.36999893188477
2021-10-15,61.7400016784668,1.240000009536743,16.8799991607666,59.5099983215332
2021-10-16,61.88000106811523,1.240000009536743,16.95999908447266,59.56999969482422
2021-10-17,61.9900016784668,1.25,17.1299991607666,59.70999908447266
2021-10-18,62.15999984741211,1.25,17.42000007629395,59.79999923706055
2021-10-19,62.31999969482422,1.259999990463257,17.6299991607666,59.90999984741211
2021-10-20,62.47999954223633,1.259999990463257,17.89999961853027,60.02000045776367
2021-10-21,62.63999938964844,1.340000033378601,18.09000015258789,60.11000061035156
2021-10-22,62.84000015258789,1.350000023841858,18.29999923706055,60.22999954223633
2021-10-23,63,1.350000023841858,18.54000091552734,61.11000061035156
2021-10-24,63.11000061035156,1.360000014305115,18.77000045776367,61.20000076293945
2021-10-25,63.2599983215332,1.370000004768372,18.8799991607666,61.31999969482422
2021-10-26,63.40999984741211,1.389999985694885,19.07999992370605,61.43999862670898
2021-10-27,63.54999923706055,1.399999976158142,19.22999954223633,61.52999877929688
2021-10-28,63.72000122070313,1.440000057220459,19.42000007629395,61.68000030517578
2021-10-29,63.90999984741211,1.460000038146973,19.79999923706055,61.93000030517578
2021-10-30,64.01999664306641,1.460000038146973,19.95999908447266,62.20999908447266
2021-10-31,64.09999847412109,1.5,20.36000061035156,62.27000045776367
2021-11-01,64.19999694824219,1.509999990463257,20.55999946594238,62.31999969482422
2021-11-02,64.31999969482422,1.519999980926514,20.75,62.38000106811523
2021-11-03,64.41999816894531,1.519999980926514,20.92000007629395,62.47000122070313
2021-11-04,64.51999664306641,1.590000033378601,21.04000091552734,62.61999893188477
2021-11-05,64.65000152587891,1.600000023841858,21.18000030517578,62.93000030517578
2021-11-06,64.73000335693359,1.600000023841858,21.30999946594238,63
2021-11-07,64.79000091552734,1.600000023841858,21.44000053405762,63.11000061035156
2021-11-08,64.87999725341797,1.600000023841858,21.59000015258789,63.20000076293945
2021-11-09,65,1.600000023841858,21.81999969482422,63.29000091552734
2021-11-10,65.08999633789063,1.669999957084656,22.04999923706055,63.40999984741211
2021-11-11,65.18000030517578,1.700000047683716,22.29999923706055,63.52000045776367
2021-11-12,65.29000091552734,1.710000038146973,22.54999923706055,63.68000030517578
2021-11-13,65.36000061035156,1.740000009536743,22.86000061035156,63.77000045776367
2021-11-14,65.41999816894531,2.140000104904175,22.98999977111816,63.84000015258789
2021-11-15,65.5,2.25,23.1200008392334,63.93999862670898
2021-11-16,65.58000183105469,2.25,23.29999923706055,64.01999664306641
2021-11-17,65.66999816894531,2.25,23.52000045776367,64.13999938964844
2021-11-18,65.75,2.349999904632568,23.78000068664551,64.23999786376953
2021-11-19,65.86000061035156,2.349999904632568,23.98999977111816,64.41000366210938
2021-11-20,65.91000366210938,2.349999904632568,24.25,64.55000305175781
2021-11-21,65.94999694824219,2.349999904632568,24.47999954223633,64.61000061035156
2021-11-22,66.05000305175781,2.359999895095825,24.69000053405762,64.69000244140625
2021-11-23,66.12000274658203,2.369999885559082,24.89999961853027,64.76999664306641
2021-11-24,66.19000244140625,2.440000057220459,25.20000076293945,64.87000274658203
2021-11-25,66.26999664306641,2.450000047683716,25.35000038146973,64.94999694824219
2021-11-26,66.37000274658203,2.460000038146973,25.63999938964844,65.05000305175781
2021-11-27,66.43000030517578,2.460000038146973,25.79000091552734,65.12999725341797
2021-11-28,66.5,2.470000028610229,26.13999938964844,65.19000244140625
2021-11-29,66.59999847412109,2.509999990463257,26.30999946594238,66.63999938964844
2021-11-30,66.87000274658203,2.519999980926514,26.55999946594238,66.73000335693359
2021-12-01,66.97000122070313,2.519999980926514,26.81999969482422,66.84999847412109
2021-12-02,67.05999755859375,2.549999952316284,28.07999992370605,66.94000244140625
2021-12-03,67.19000244140625,2.589999914169312,28.25,67.62000274658203
2021-12-04,67.26000213623047,2.589999914169312,28.55999946594238,67.69000244140625
2021-12-05,67.31999969482422,2.589999914169312,28.79999923706055,67.73000335693359
2021-12-06,67.41000366210938,2.609999895095825,28.98999977111816,67.79000091552734
2021-12-07,67.48999786376953,2.609999895095825,29.20000076293945,67.86000061035156
2021-12-08,67.58000183105469,2.720000028610229,29.51000022888184,67.93000030517578
2021-12-09,67.66000366210938,2.809999942779541,29.8700008392334,68.01000213623047
2021-12-10,67.76000213623047,2.829999923706055,30.01000022888184,69.58000183105469
2021-12-11,67.83000183105469,2.839999914169312,30.42000007629395,69.65000152587891
2021-12-12,67.87000274658203,2.839999914169312,30.72999954223633,69.70999908447266
2021-12-13,67.94000244140625,2.890000104904175,30.90999984741211,69.76999664306641
2021-12-14,68.01999664306641,2.890000104904175,31.21999931335449,69.83999633789063
2021-12-15,68.08999633789063,2.940000057220459,31.45999908447266,69.91999816894531
2021-12-16,68.16999816894531,2.940000057220459,31.6200008392334,69.97000122070313
2021-12-17,68.26999664306641,2.960000038146973,31.85000038146973,71.06999969482422
2021-12-18,68.31999969482422,2.960000038146973,32.06999969482422,71.11000061035156
2021-12-19,68.34999847412109,2.960000038146973,32.27000045776367,71.44999694824219
2021-12-20,68.41999816894531,3.089999914169312,32.45000076293945,71.72000122070313
2021-12-21,68.48999786376953,3.089999914169312,32.68999862670898,71.79000091552734
2021-12-22,68.55999755859375,3.130000114440918,32.81999969482422,71.86000061035156
2021-12-23,68.62000274658203,3.150000095367432,33.04000091552734,71.90000152587891
2021-12-24,68.66000366210938,3.160000085830688,33.29999923706055,71.93000030517578
2021-12-25,68.66000366210938,3.160000085830688,33.52999877929688,72.33999633789063
2021-12-26,68.69000244140625,3.240000009536743,33.66999816894531,72.34999847412109
2021-12-27,68.75,3.319999933242798,33.79000091552734,72.41000366210938
2021-12-28,68.80999755859375,3.740000009536743,34.13000106811523,72.62000274658203
2021-12-29,68.87000274658203,3.75,34.38000106811523,72.69999694824219
2021-12-30,68.94999694824219,3.769999980926514,34.95000076293945,72.73000335693359
2021-12-31,68.98000335693359,3.779999971389771,35.22000122070313,72.76999664306641
2022-01-01,68.98999786376953,3.819999933242798,35.43000030517578,72.77999877929688
2022-01-02,69.04000091552734,3.829999923706055,35.5,72.80000305175781
2022-01-03,69.09999847412109,3.849999904632568,35.68000030517578,72.83000183105469
2022-01-04,69.16999816894531,3.859999895095825,35.91999816894531,72.87000274658203
2022-01-05,69.23999786376953,3.910000085830688,36.04999923706055,72.91000366210938
2022-01-06,69.30000305175781,3.970000028610229,36.20999908447266,73.16999816894531
2022-01-07,69.40000152587891,4.010000228881836,36.40000152587891,73.31999969482422
2022-01-08,69.44999694824219,4.010000228881836,36.47000122070313,73.37000274658203
2022-01-09,69.48999786376953,4.019999980926514,36.68999862670898,73.41000366210938
2022-01-10,69.55000305175781,4.289999961853027,37.2400016784668,73.45999908447266
2022-01-11,69.62000274658203,4.289999961853027,37.4900016784668,73.51000213623047
2022-01-12,69.70999908447266,4.289999961853027,37.65000152587891,73.55000305175781
2022-01-13,69.76999664306641,4.300000190734863,37.97000122070313,73.62999725341797
2022-01-14,69.84999847412109,4.309999942779541,38.06000137329102,73.86000061035156
2022-01-15,69.88999938964844,4.340000152587891,38.27000045776367,73.88999938964844
2022-01-16,69.91999816894531,4.349999904632568,38.45000076293945,73.94999694824219
2022-01-17,69.98000335693359,4.440000057220459,38.59999847412109,74.01999664306641
2022-01-18,70.02999877929688,4.46999979019165,38.68999862670898,74.06999969482422
2022-01-19,70.08999633789063,4.650000095367432,39.02000045776367,74.12000274658203
2022-01-20,70.15000152587891,4.659999847412109,39.22000122070313,74.15000152587891
2022-01-21,70.20999908447266,4.679999828338623,39.43999862670898,74.34999847412109
2022-01-22,70.23999786376953,4.679999828338623,39.63000106811523,74.37999725341797
2022-01-23,70.26999664306641,4.699999809265137,39.7599983215332,74.41000366210938
2022-01-24,70.31999969482422,4.710000038146973,39.88000106811523,74.44000244140625
2022-01-25,70.37999725341797,4.710000038146973,40.04999923706055,74.48000335693359
2022-01-26,70.43000030517578,4.75,40.20999908447266,74.51000213623047
2022-01-27,70.48000335693359,4.989999771118164,40.31999969482422,74.55000305175781
2022-01-28,70.55000305175781,5.039999961853027,40.45999908447266,74.77999877929688
2022-01-29,70.58999633789063,5.039999961853027,40.59999847412109,74.80000305175781
2022-01-30,70.62000274658203,5.050000190734863,40.79999923706055,74.81999969482422
2022-01-31,70.66000366210938,5.079999923706055,41.0099983215332,74.84999847412109
2022-02-01,70.69999694824219,5.079999923706055,41.22000122070313,74.87999725341797
2022-02-02,70.75,5.159999847412109,41.38000106811523,74.91999816894531
2022-02-03,70.80000305175781,5.159999847412109,41.52000045776367,74.94000244140625
2022-02-04,70.86000061035156,5.159999847412109,41.77000045776367,75
2022-02-05,70.91000366210938,5.190000057220459,41.93000030517578,75.01000213623047
2022-02-06,70.94000244140625,5.230000019073486,42.09999847412109,75.04000091552734
2022-02-07,70.98999786376953,5.25,42.18999862670898,75.08999633789063
2022-02-08,71.02999877929688,5.25,42.41999816894531,75.12000274658203
2022-02-09,71.08000183105469,5.25,42.61999893188477,75.16000366210938
2022-02-10,71.12999725341797,5.25,42.79000091552734,75.19000244140625
2022-02-11,71.18000030517578,5.25,43.06000137329102,75.23000335693359
2022-02-12,71.22000122070313,5.289999961853027,43.16999816894531,75.25
2022-02-13,71.23999786376953,5.289999961853027,43.40999984741211,75.27999877929688
2022-02-14,71.26999664306641,5.320000171661377,43.52999877929688,75.30999755859375
2022-02-15,71.30999755859375,5.630000114440918,43.70999908447266,75.34999847412109
2022-02-16,71.37999725341797,5.630000114440918,43.84000015258789,75.37000274658203
2022-02-17,71.41999816894531,5.630000114440918,44,75.40000152587891
2022-02-18,71.45999908447266,5.679999828338623,44.56999969482422,75.59999847412109
2022-02-19,71.48999786376953,5.679999828338623,44.81000137329102,75.62000274658203
2022-02-20,71.51000213623047,5.760000228881836,44.90999984741211,75.63999938964844
2022-02-21,71.54000091552734,5.920000076293945,45.09999847412109,75.66000366210938
2022-02-22,71.56999969482422,5.929999828338623,45.27000045776367,75.68000030517578
2022-02-23,71.61000061035156,5.929999828338623,45.38999938964844,75.70999908447266
2022-02-24,71.63999938964844,6,45.5,75.73000335693359
2022-02-25,71.68000030517578,6.010000228881836,45.61999893188477,75.83999633789063
2022-02-26,71.69999694824219,6.019999980926514,45.75,75.84999847412109
2022-02-27,71.72000122070313,6.039999961853027,45.81000137329102,75.86000061035156
2022-02-28,71.75,6.050000190734863,46.11999893188477,75.87999725341797
2022-03-01,71.76999664306641,6.050000190734863,46.18000030517578,75.88999938964844
2022-03-02,71.79000091552734,6.050000190734863,46.2400016784668,75.91000366210938
2022-03-03,71.83999633789063,6.050000190734863,46.36999893188477,75.94000244140625
2022-03-04,71.87000274658203,6.090000152587891,46.45000076293945,75.98000335693359
2022-03-05,71.87999725341797,6.21999979019165,46.59999847412109,76
2022-03-06,71.88999938964844,8.810000419616699,46.77000045776367,76.13999938964844
2022-03-07,71.91000366210938,8.869999885559082,46.86000061035156,76.16000366210938
2022-03-08,71.93000030517578,8.939999580383301,46.9900016784668,76.16999816894531
2022-03-09,71.94999694824219,9.130000114440918,47.08000183105469,76.19999694824219
2022-03-10,72.02999877929688,9.170000076293945,47.18999862670898,76.25
2022-03-11,72.05000305175781,9.239999771118164,47.29000091552734,76.26999664306641
2022-03-12,72.06999969482422,9.239999771118164,47.36000061035156,76.29000091552734
2022-03-13,72.08000183105469,9.520000457763672,47.47999954223633,76.30000305175781
2022-03-14,72.09999847412109,10.25,47.56000137329102,76.5
2022-03-15,72.11000061035156,10.27000045776367,47.68000030517578,76.51999664306641
2022-03-16,72.15000152587891,10.27999973297119,47.7599983215332,76.55000305175781
2022-03-17,72.16000366210938,10.34000015258789,47.83000183105469,76.58000183105469
2022-03-18,72.19000244140625,10.5600004196167,47.88000106811523,76.61000061035156
2022-03-19,72.19999694824219,10.5600004196167,47.91999816894531,76.62000274658203
2022-03-20,72.20999908447266,10.5600004196167,47.9900016784668,76.62000274658203
2022-03-21,72.23000335693359,10.5600004196167,48.06999969482422,76.66999816894531
2022-03-22,72.23999786376953,10.56999969482422,48.15999984741211,76.68000030517578
2022-03-23,72.26999664306641,10.57999992370605,48.2599983215332,76.70999908447266
2022-03-24,72.27999877929688,10.57999992370605,48.34999847412109,76.75
2022-03-25,72.30000305175781,10.64000034332275,48.38000106811523,76.76000213623047
2022-03-26,72.31999969482422,10.64000034332275,48.47999954223633,76.77999877929688
2022-03-27,72.33000183105469,10.65999984741211,48.59000015258789,76.80000305175781
2022-03-28,72.33999633789063,10.65999984741211,48.81999969482422,76.80999755859375
2022-03-29,72.34999847412109,10.75,49.0099983215332,76.83000183105469
2022-03-30,72.37999725341797,10.75,49.16999816894531,76.84999847412109
2022-03-31,72.41000366210938,10.85000038146973,49.65000152587891,76.93000030517578
2022-04-01,72.41999816894531,10.85000038146973,49.68999862670898,76.93000030517578
2022-04-02,72.44000244140625,10.85000038146973,49.70000076293945,76.94000244140625
2022-04-03,72.44999694824219,10.85000038146973,49.79999923706055,76.97000122070313
2022-04-04,72.45999908447266,10.86999988555908,49.88000106811523,76.98000335693359
2022-04-05,72.48000335693359,10.86999988555908,49.91999816894531,77.02999877929688
2022-04-06,72.48999786376953,10.88000011444092,49.97999954223633,77.05000305175781
2022-04-07,72.51000213623047,10.88000011444092,50.13999938964844,77.05999755859375
2022-04-08,72.52999877929688,10.90999984741211,50.18000030517578,77.08000183105469
2022-04-09,72.54000091552734,11.10000038146973,50.22999954223633,77.08999633789063
2022-04-10,72.55000305175781,11.47999954223633,50.38999938964844,77.08999633789063
2022-04-11,72.55999755859375,11.47999954223633,50.43999862670898,77.18000030517578
2022-04-12,72.58000183105469,11.47999954223633,50.52999877929688,77.19000244140625
2022-04-13,72.58999633789063,11.47999954223633,50.54999923706055,77.20999908447266
2022-04-14,72.61000061035156,11.48999977111816,50.59000015258789,77.22000122070313
2022-04-15,72.62000274658203,11.48999977111816,50.61000061035156,77.23000335693359
2022-04-16,72.62999725341797,11.5,50.61999893188477,77.23000335693359
2022-04-17,72.63999938964844,11.5,50.65000152587891,77.25
2022-04-18,72.65000152587891,11.5,50.72999954223633,77.33999633789063
2022-04-19,72.66000366210938,11.5,50.79000091552734,77.34999847412109
2022-04-20,72.66999816894531,11.5,50.81999969482422,77.37000274658203
2022-04-21,72.69000244140625,11.5,50.86000061035156,77.37999725341797
2022-04-22,72.70999908447266,11.51000022888184,50.91999816894531,77.38999938964844
2022-04-23,72.72000122070313,11.51000022888184,50.95999908447266,77.40000152587891
2022-04-24,72.73000335693359,11.51000022888184,51.04999923706055,77.41000366210938
2022-04-25,72.73999786376953,11.51000022888184,51.09000015258789,77.41999816894531
2022-04-26,72.75,11.68000030517578,51.2400016784668,77.44000244140625
2022-04-27,72.76000213623047,11.68000030517578,51.29999923706055,77.55999755859375
2022-04-28,72.76999664306641,11.68000030517578,51.36000061035156,77.58999633789063
2022-04-29,72.79000091552734,11.68000030517578,51.45000076293945,77.61000061035156
2022-04-30,72.80000305175781,11.68000030517578,51.52000045776367,77.61000061035156
2022-05-01,72.80000305175781,11.85999965667725,51.58000183105469,77.62000274658203
2022-05-02,72.80999755859375,11.85999965667725,51.61000061035156,77.62999725341797
2022-05-03,72.81999969482422,11.85999965667725,51.65000152587891,77.63999938964844
2022-05-04,72.83000183105469,11.85999965667725,51.66999816894531,77.65000152587891
2022-05-05,72.83999633789063,11.85999965667725,51.70999908447266,77.70999908447266
2022-05-06,72.84999847412109,11.85999965667725,51.7599983215332,77.73000335693359
2022-05-07,72.86000061035156,11.85999965667725,51.81000137329102,77.73000335693359
2022-05-08,72.87000274658203,12.01000022888184,51.90000152587891,77.73999786376953
2022-05-09,72.87999725341797,12.01000022888184,51.93999862670898,77.73999786376953
2022-05-10,72.88999938964844,12.01000022888184,52,77.75
2022-05-11,72.90000152587891,12.01000022888184,52.06000137329102,77.76999664306641
2022-05-12,72.91000366210938,12.01000022888184,52.11000061035156,77.83999633789063
2022-05-13,72.91999816894531,12.01000022888184,52.15000152587891,77.86000061035156
2022-05-14,72.93000030517578,12.02000045776367,52.20000076293945,77.86000061035156
2022-05-15,72.93000030517578,12.0600004196167,52.29000091552734,77.87000274658203
2022-05-16,72.94000244140625,12.0600004196167,52.31000137329102,77.87999725341797
2022-05-17,72.94999694824219,12.0600004196167,52.34000015258789,77.87999725341797
2022-05-18,72.95999908447266,12.0600004196167,52.38999938964844,77.88999938964844
2022-05-19,72.97000122070313,12.0600004196167,52.43000030517578,77.90000152587891
2022-05-20,72.98999786376953,12.0600004196167,52.47999954223633,77.91000366210938
2022-05-21,72.98999786376953,12.0600004196167,52.52000045776367,77.91999816894531
2022-05-22,73,12.18000030517578,52.59999847412109,78.01000213623047
2022-05-23,73.01000213623047,12.1899995803833,52.63000106811523,78.01999664306641
2022-05-24,73.01000213623047,12.1899995803833,52.72999954223633,78.01999664306641
2022-05-25,73.02999877929688,12.1899995803833,52.77000045776367,78.02999877929688
2022-05-26,73.02999877929688,12.1899995803833,52.81000137329102,78.08000183105469
2022-05-27,73.05000305175781,12.1899995803833,52.84000015258789,78.08999633789063
2022-05-28,73.05000305175781,12.1899995803833,52.88000106811523,78.09999847412109
2022-05-29,73.05999755859375,12.19999980926514,52.93000030517578,78.11000061035156
2022-05-30,73.05999755859375,12.19999980926514,52.93999862670898,78.11000061035156
2022-05-31,73.06999969482422,12.19999980926514,52.97999954223633,78.12999725341797
2022-06-01,73.08000183105469,12.19999980926514,53.02999877929688,78.18000030517578
2022-06-02,73.08999633789063,12.19999980926514,53.04000091552734,78.18000030517578
2022-06-03,73.09999847412109,12.19999980926514,53.09999847412109,78.19999694824219
2022-06-04,73.11000061035156,12.19999980926514,53.13000106811523,78.22000122070313
2022-06-05,73.12000274658203,12.40999984741211,53.20999908447266,78.23000335693359
2022-06-06,73.12000274658203,12.40999984741211,53.22999954223633,78.23000335693359
2022-06-07,73.12999725341797,12.42000007629395,53.27000045776367,78.23999786376953
2022-06-08,73.13999938964844,12.42000007629395,53.34999847412109,78.25
2022-06-09,73.13999938964844,12.42000007629395,53.38000106811523,78.30000305175781
2022-06-10,73.15000152587891,12.42000007629395,53.41999816894531,78.30000305175781
2022-06-11,73.16000366210938,12.42000007629395,53.45999908447266,78.30999755859375
2022-06-12,73.16000366210938,12.42000007629395,53.5,78.30999755859375
2022-06-13,73.16999816894531,12.44999980926514,53.52999877929688,78.31999969482422
2022-06-14,73.16999816894531,12.44999980926514,53.56999969482422,78.31999969482422
2022-06-15,73.18000030517578,12.46000003814697,53.61999893188477,78.33000183105469
2022-06-16,73.19000244140625,12.46000003814697,53.65999984741211,78.41000366210938
2022-06-17,73.19999694824219,12.46000003814697,53.70999908447266,78.41999816894531
2022-06-18,73.19999694824219,12.47000026702881,53.77000045776367,78.43000030517578
2022-06-19,73.19999694824219,13.30000019073486,53.95000076293945,78.43000030517578
2022-06-20,73.20999908447266,13.30000019073486,53.95999908447266,78.44000244140625
2022-06-21,73.22000122070313,13.30000019073486,54.0099983215332,78.44000244140625
2022-06-22,73.22000122070313,13.30000019073486,54.04999923706055,78.44999694824219
2022-06-23,73.23000335693359,13.30000019073486,54.09999847412109,78.48999786376953
2022-06-24,73.23999786376953,13.30000019073486,54.13999938964844,78.5
2022-06-25,73.23999786376953,13.30000019073486,54.16999816894531,78.5
2022-06-26,73.27999877929688,15.34000015258789,54.22000122070313,78.5
2022-06-27,73.29000091552734,15.34000015258789,54.2599983215332,78.54000091552734
2022-06-28,73.37000274658203,15.46000003814697,54.29999923706055,78.54000091552734
2022-06-29,73.37999725341797,15.46000003814697,54.40000152587891,78.55000305175781
2022-06-30,73.37999725341797,15.47000026702881,54.43000030517578,78.55999755859375
2022-07-01,73.38999938964844,15.47000026702881,54.45999908447266,78.56999969482422
2022-07-02,73.40000152587891,15.47000026702881,54.47999954223633,78.56999969482422
2022-07-03,73.40000152587891,15.56999969482422,54.65000152587891,78.56999969482422
2022-07-04,73.41000366210938,15.56999969482422,54.65999984741211,78.58000183105469
2022-07-05,73.41999816894531,15.56999969482422,54.68999862670898,78.58000183105469
2022-07-06,73.43000030517578,15.56999969482422,54.70999908447266,78.58000183105469
2022-07-07,73.43000030517578,15.56999969482422,54.77000045776367,78.63999938964844
2022-07-08,73.44000244140625,15.56999969482422,54.81000137329102,78.65000152587891
2022-07-09,73.44000244140625,15.56999969482422,54.81000137329102,78.65000152587891
2022-07-10,73.44999694824219,15.78999996185303,54.95999908447266,78.66000366210938
2022-07-11,73.44999694824219,,54.97999954223633,78.66000366210938
2022-07-12,73.45999908447266,,55.02000045776367,78.66000366210938
2022-07-13,73.45999908447266,,55.06000137329102,78.66999816894531
2022-07-14,73.45999908447266,,55.11999893188477,78.66999816894531
2022-07-15,73.45999908447266,,55.15000152587891,78.66999816894531
2022-07-16,73.45999908447266,,55.15000152587891,78.68000030517578
2022-07-17,73.47000122070313,,55.15000152587891,78.68000030517578
2022-07-18,73.47000122070313,,55.18999862670898,78.68000030517578
2022-07-19,,,,
